<?xml version="1.0" encoding="utf-8"?>
<ApplicationInstallerManifest>
   <DefaultInstallationDirectory>/Applications/Amsterdam_UMC/T2mapp/</DefaultInstallationDirectory>
   <ApplicationName>T2mapp</ApplicationName>
   <ExecutableName>application/T2mapp.exe</ExecutableName>
   <GUID>1cc6601e-821c-41cd-9c3a-25eb8f23b429</GUID>
   <ApplicationIcon>icon_48.png</ApplicationIcon>
   <Logo>default_logo.png</Logo>
   <Version>3.2</Version>
   <InstallationNotes>In the following directions, replace MR/R2022b by the directory on the target machine where MATLAB is installed, or MR by the directory where the MATLAB Runtime is installed.

If the environment variable DYLD_LIBRARY_PATH is undefined, set it to the following string:

MR/R2022b/runtime/maci64:MR/R2022b/sys/os/maci64:MR/R2022b/bin/maci64

If it is defined, set it to the following:

${DYLD_LIBRARY_PATH}:MR/R2022b/runtime/maci64:MR/R2022b/sys/os/maci64:MR/R2022b/bin/maci64
</InstallationNotes>
   <AuthorOrganization>Amsterdam UMC</AuthorOrganization>
   <WelcomePanelText>T2mapp 3.2
Gustav Strijkers
g.j.strijkers@amsterdamumc.nl</WelcomePanelText>
   <MCRProducts>
      <MCRProduct>
         <ExternalProductIdentifier>35000</ExternalProductIdentifier>
      </MCRProduct>
      <MCRProduct>
         <ExternalProductIdentifier>35002</ExternalProductIdentifier>
      </MCRProduct>
      <MCRProduct>
         <ExternalProductIdentifier>35003</ExternalProductIdentifier>
      </MCRProduct>
      <MCRProduct>
         <ExternalProductIdentifier>35010</ExternalProductIdentifier>
      </MCRProduct>
      <MCRProduct>
         <ExternalProductIdentifier>35108</ExternalProductIdentifier>
      </MCRProduct>
      <MCRProduct>
         <ExternalProductIdentifier>35111</ExternalProductIdentifier>
      </MCRProduct>
      <MCRProduct>
         <ExternalProductIdentifier>35117</ExternalProductIdentifier>
      </MCRProduct>
      <MCRProduct>
         <ExternalProductIdentifier>35180</ExternalProductIdentifier>
      </MCRProduct>
   </MCRProducts>
</ApplicationInstallerManifest>