<?xml version="1.0" encoding="utf-8"?>
<productAdditionalComps>
   <dependsOn>
      <component>
         <name>T2mapp</name>
         <locale/>
         <platformList>
            <platform>maci64</platform>
         </platformList>
         <version>3.2</version>
      </component>
   </dependsOn>
   <isControllingProduct>true</isControllingProduct>
   <platform>maci64</platform>
   <productName>T2mapp</productName>
   <productNumber>5000</productNumber>
   <productBaseCode>T2mapp</productBaseCode>
   <productVersion>3.2</productVersion>
   <releaseFamily>R2022b</releaseFamily>
   <releaseDescription>R2022b</releaseDescription>
</productAdditionalComps>