<?xml version="1.0" encoding="utf-8"?>
<productData>
   <dependsOn>
      <component>
         <name>T2mapp</name>
         <locale/>
         <platformList>
            <platform>glnxa64</platform>
            <platform>maci64</platform>
            <platform>win32</platform>
            <platform>win64</platform>
         </platformList>
         <version>3.2</version>
      </component>
   </dependsOn>
   <installerUsage>
      <usage>mcr</usage>
   </installerUsage>
   <isControllingProduct>true</isControllingProduct>
   <platformList>
      <platform>glnxa64</platform>
      <platform>maci64</platform>
      <platform>win32</platform>
      <platform>win64</platform>
   </platformList>
   <productName>T2mapp</productName>
   <productNumber>5000</productNumber>
   <productBaseCode>T2mapp</productBaseCode>
   <productVersion>3.2</productVersion>
   <releaseFamily>R2022b</releaseFamily>
   <releaseDescription>R2022b</releaseDescription>
   <requiredProducts/>
</productData>