<?xml version="1.0" encoding="utf-8"?>
<productAdditionalComps>
   <dependsOn>
      <component>
         <name>T2mapp</name>
         <locale/>
         <platformList>
            <platform>maci64</platform>
         </platformList>
         <version>2.6</version>
      </component>
   </dependsOn>
   <isControllingProduct>true</isControllingProduct>
   <platform>maci64</platform>
   <productName>T2mapp</productName>
   <productNumber>5000</productNumber>
   <productBaseCode>T2mapp</productBaseCode>
   <productVersion>2.6</productVersion>
   <releaseFamily>R2021b</releaseFamily>
   <releaseDescription>R2021b</releaseDescription>
</productAdditionalComps>